index,x_m,y_m,guaranteed_receive,score_J_s,sampled_posterior_radius_m
0,534.0921606599145,-216.83780793844392,True,395.697757710265,147.20856596139262
1,534.0921606599145,-43.3675615876889,True,483.9899838719519,347.8575964053041
2,534.0921606599145,130.10268476306624,True,416.39510114299605,204.7569709604855
3,567.7267745259222,-216.83780793844392,True,392.3728629862188,141.33980644867796
4,567.7267745259222,-43.3675615876889,True,477.98680418364677,336.20159025592994
5,567.7267745259222,130.10268476306624,True,412.2118027068453,196.66561442459
6,601.36138839193,-390.30805428919894,True,393.78043729619236,90.88614930042098
7,601.36138839193,-216.83780793844392,True,389.16275563895135,135.4635675359306
8,601.36138839193,-43.3675615876889,True,472.1027262827686,324.5112990842217
9,601.36138839193,216.8378079384437,True,389.16275563893277,135.46356753593014
10,601.36138839193,390.3080542891988,True,393.7804372961921,90.88614930042033
11,634.9960022579377,-216.83780793844392,True,386.0698892412242,129.70462881974245
12,634.9960022579377,-43.3675615876889,True,466.4004325510071,312.9278618417122
13,634.9960022579377,130.10268476306624,True,404.19034497228347,181.0285625568037
14,634.9960022579377,390.3080542891988,True,390.99567277492025,87.29300891294596
15,668.6306161239454,-390.30805428919894,True,388.8348115774528,83.69569100208719
16,668.6306161239454,-216.83780793844392,True,383.07272982988593,123.99185381048919
17,668.6306161239454,43.36756158768867,True,460.32316362452804,301.10901840538867
18,668.6306161239454,216.8378079384437,True,383.0727298298619,123.99185381048918
19,668.6306161239454,390.3080542891988,True,388.83481157745314,83.69569100208761
20,702.2652299899531,-477.0431774645765,True,400.78584127397914,71.03938330039345
21,702.2652299899531,-303.5729311138214,True,379.03053830991155,94.36857723024552
22,702.2652299899531,-43.3675615876889,True,454.4334762251182,289.3487388842634
23,702.2652299899531,130.10268476306624,True,396.3885760438685,165.66207627755088
24,702.2652299899531,303.57293111382126,True,379.0305383100144,94.36857723024573
25,702.2652299899531,563.7783006399537,True,418.33270310179313,64.96078854938193
26,735.8998438559609,-477.0431774645765,True,399.57947784013896,68.21790834323853
27,735.8998438559609,-303.5729311138214,True,376.86157103598293,90.15266339216421
28,735.8998438559609,-43.3675615876889,True,448.7009456928557,277.60714820616363
29,735.8998438559609,130.10268476306624,True,392.5058716240486,157.93589469892632
30,735.8998438559609,303.57293111382126,True,376.8615710359831,90.15266339216443
31,735.8998438559609,563.7783006399537,True,417.2654016487875,62.52500743529797
32,769.5344577219687,-477.0431774645765,True,403.95419001956003,65.34760801829553
33,769.5344577219687,-216.83780793844392,True,382.5699609836715,107.58623262450766
34,769.5344577219687,-43.3675615876889,True,449.88577913652904,265.8482892618168
35,769.5344577219687,130.10268476306624,True,396.32417406214734,150.41396340032594
36,769.5344577219687,390.3080542891988,True,390.86893347691796,73.29656456248493
37,769.5344577219687,563.7783006399537,True,420.8439055349413,60.17613079027833
38,803.1690715879763,-477.0431774645765,True,414.11675390621366,62.67703816035581
39,803.1690715879763,-216.83780793844392,True,392.8469153109537,102.1701442455455
40,803.1690715879763,-43.3675615876889,True,457.51842963933416,254.04050712211526
41,803.1690715879763,130.10268476306624,True,405.88393132184854,142.99438177898168
42,803.1690715879763,390.3080542891988,True,401.2857849507743,70.02929396486351
43,803.1690715879763,563.7783006399537,True,430.56437638967566,57.7791854163385
44,836.8036854539841,-303.5729311138214,True,403.97593437336513,77.75223105824004
45,836.8036854539841,-130.10268476306635,True,415.480978213433,135.58843602475002
46,836.8036854539841,43.36756158768867,True,464.81556663911283,242.25750917225398
47,836.8036854539841,303.57293111382126,True,403.9759343733649,77.7522310582396
48,836.8036854539841,477.0431774645764,True,424.3708835113838,59.95582821603349
49,870.4382993199919,-390.30805428919894,True,422.4534131684567,63.65294401384288
50,870.4382993199919,-130.10268476306635,True,425.0977395986895,128.23619909855313
51,870.4382993199919,43.36756158768867,True,472.50309324534453,230.45105502482258
52,870.4382993199919,216.8378079384437,True,413.6396261246265,91.71517783607713
53,870.4382993199919,477.0431774645764,True,434.8251811205197,57.39841347271842
54,904.0729131859996,-303.5729311138214,True,425.508715886316,70.05227659311036
55,904.0729131859996,-43.3675615876889,True,491.20494674105805,241.75235464832667
56,904.0729131859996,130.10268476306624,True,434.6970302040884,120.95235278109995
57,904.0729131859996,303.57293111382126,True,425.50871588631605,70.05227659311058
58,937.7075270520073,-216.83780793844392,True,434.79753106758847,81.6989490855572
59,937.7075270520073,-43.3675615876889,True,512.4899333424607,257.50225158055514
60,937.7075270520073,130.10268476306624,True,444.4041112115232,113.82586241179878
61,971.342140918015,-216.83780793844392,True,445.497472428331,76.87909528954104
62,971.342140918015,-43.3675615876889,True,534.1732904914634,273.19364371299065
63,971.342140918015,216.8378079384437,True,445.4974724283312,76.87909528954147
64,752.7171507889648,-2.0128947599673458e-13,True,476.2448160027229,373.8591242563913
65,720.1336186062697,-344.23002010227964,True,380.8214840628897,84.83054668667272
66,720.1336186062697,-303.5729311138214,True,377.9126655585432,92.0597795753918
67,720.1336186062697,-262.9158421253632,True,376.9330432094008,101.37976899051208
68,735.8998438559609,-344.23002010227964,True,380.15628704839867,82.9550190665386
69,735.8998438559609,-262.9158421253632,True,375.7952225410176,99.21606469092966
70,751.666069105652,-344.23002010227964,True,380.3715781921552,81.26622893950852
71,751.666069105652,-303.5729311138214,True,377.33546318648837,88.079958593406
72,751.666069105652,-262.9158421253632,True,376.05720404388336,97.01409031066378
73,720.1336186062697,262.91584212536304,True,376.93304320937716,101.37976899051206
74,720.1336186062697,303.57293111382126,True,377.91266555854304,92.05977957539159
75,720.1336186062697,344.23002010227947,True,380.82148406288957,84.8305466866725
76,735.8998438559609,262.91584212536304,True,375.7952225409796,99.21606469092922
77,735.8998438559609,344.23002010227947,True,380.15628704839867,82.9550190665386
78,751.666069105652,262.91584212536304,True,376.0572040438833,97.01409031066378
79,751.666069105652,303.57293111382126,True,377.33546318648837,88.079958593406
80,751.666069105652,344.23002010227947,True,380.3715781921554,81.26622893950895
81,686.499004740262,-344.23002010227964,True,383.381912292743,88.66359077194399
82,686.499004740262,-303.5729311138214,True,380.14179940017755,96.44549769391404
83,686.499004740262,-262.9158421253632,True,379.54653579314135,106.32006541795806
84,702.2652299899531,-344.23002010227964,True,382.6307252801524,86.88407948696243
85,702.2652299899531,-262.9158421253632,True,378.2471743871587,103.92831090051897
86,718.0314552396443,-344.23002010227964,True,380.88627574406394,85.06849969031025
87,718.0314552396443,-303.5729311138214,True,378.0585291945464,92.39446312643365
88,718.0314552396443,-262.9158421253632,True,377.08052371481557,101.68230261968107
89,686.499004740262,262.91584212536304,True,379.5465357930461,106.32006541795828
90,686.499004740262,303.57293111382126,True,380.1417994002246,96.44549769391404
91,686.499004740262,344.23002010227947,True,383.38191229274287,88.66359077194376
92,702.2652299899531,262.91584212536304,True,378.24717438713424,103.92831090051853
93,702.2652299899531,344.23002010227947,True,382.63072528015255,86.88407948696265
94,718.0314552396443,262.91584212536304,True,377.08052371480665,101.68230261968085
95,718.0314552396443,303.57293111382126,True,378.05852919454645,92.39446312643365
96,718.0314552396443,344.23002010227947,True,380.8862757440638,85.06849969031003
97,753.7682324722775,-257.49489692690213,True,376.66214611096484,98.06186596304768
98,753.7682324722775,-216.83780793844392,True,377.7647192359706,110.04249109437242
99,753.7682324722775,-176.1807189499857,True,381.90568659225494,126.56817771855678
100,769.5344577219687,-257.49489692690213,True,381.5009685913774,95.83036319738153
101,769.5344577219687,-176.1807189499857,True,386.5429767695757,123.60345926363874
102,785.3006829716599,-257.49489692690213,True,386.34026595575074,93.55145706036524
103,785.3006829716599,-216.83780793844392,True,387.3589005704587,104.96441904607184
104,785.3006829716599,-176.1807189499857,True,391.17727371208423,120.6228561336219
105,652.8643908742542,176.18071894998548,True,389.94540685223285,145.57895182248927
106,652.8643908742542,216.8378079384437,True,384.52566326670956,126.77063760233158
107,652.8643908742542,257.4948969269019,True,382.2133946191516,112.65063261113184
108,668.6306161239454,176.18071894998548,True,388.4538358722724,142.614652525664
109,668.6306161239454,257.4948969269019,True,380.9457132035476,110.35634059889328
110,684.3968413736366,176.18071894998548,True,386.8905526967498,139.6795008091693
111,684.3968413736366,216.8378079384437,True,381.708329371781,121.38889378287374
112,684.3968413736366,257.4948969269019,True,379.73420123916196,108.05731371814018
113,652.8643908742542,-257.49489692690213,True,382.213394619166,112.65063261113251
114,652.8643908742542,-216.83780793844392,True,384.52566326671587,126.77063760233224
115,652.8643908742542,-176.1807189499857,True,389.9454068522375,145.57895182248973
116,668.6306161239454,-257.49489692690213,True,380.9457132035424,110.35634059889328
117,668.6306161239454,-176.1807189499857,True,388.4538358723174,142.6146525256638
118,684.3968413736366,-257.49489692690213,True,379.7342012392064,108.05731371814062
119,684.3968413736366,-216.83780793844392,True,381.7083293717668,121.3888937828733
120,684.3968413736366,-176.1807189499857,True,386.89055269673526,139.67950080916953
121,619.2297770082465,-257.49489692690213,True,385.0290506111179,117.73391862218264
122,619.2297770082465,-216.83780793844392,True,387.51807389668085,132.35001704914583
123,619.2297770082465,-176.1807189499857,True,393.44373660298345,152.2310688172777
124,634.9960022579377,-257.49489692690213,True,383.734691464919,115.44384751847512
125,634.9960022579377,-176.1807189499857,True,391.87349112284966,149.190480768456
126,650.7622275076288,-257.49489692690213,True,382.4250817806522,113.00689164558744
127,650.7622275076288,-216.83780793844392,True,384.6925369646882,127.08665427859833
128,650.7622275076288,-176.1807189499857,True,390.216997273675,146.02240067352056
