path,bytes,sha256,role
results/training/import-3ddb2d9/runs/q3_joint_20260912/baseline.pt,4406525,cf63f3c88ca534cae14a2a8dabbdedbf198f53f06aeaebe5d1aff14cbacab1c9,最新 Q3 对照；原稳健推荐
results/training/import-3ddb2d9/runs/q3_joint_20260912/dagger_round2.pt,4341546,fa33f97afe42bbe185833492d1b1b0d3cc823bebaf22fc1478a92899f034777f,其他阶段或历史归档；按原批次使用
results/training/import-3ddb2d9/runs/q3_joint_20260912/distilled.pt,4341922,9d58dc58e9935c88e89d9c76b85df55ccfbe220c2905729fbc364e16ebf1f070,其他阶段或历史归档；按原批次使用
results/training/import-3ddb2d9/runs/q3_joint_20260912/ppo_candidate.pt,4341986,a924b6013f4c81f0f46c22ad33de823ed4484729d25e517bbf23aaca5a24de14,最新 Q3 候选；未替代原推荐
results/training/import-3ddb2d9/runs/q3_joint_20260912/sft_round1.pt,4340982,16fcf1dccf2beda5b8cb71f91f846b7036f45c3374ae1f153845fdd52ad3421c,其他阶段或历史归档；按原批次使用
results/training/import-3ddb2d9/runs/q3_joint_20260912/smoke_v2/sft_smoke.pt,4340666,5f1b6d838acd22de40814f774ba8950b71e23128ed705fa8293fe4d662431517,其他阶段或历史归档；按原批次使用
results/training/import-3ddb2d9/runs/q4_budget_20260912/train/best.pt,4292445,2329eb4d12088ebccfdc459939aeb8d5ee67f9696b4b41b1385c3c158d4c0e4a,最新 Q4 预算训练 best
results/training/import-3ddb2d9/runs/q4_repaired_20260912/smoke/latest.pt,4294479,857938c818f799da995b7180c5554314abac75f1284cf80a4ac132fae702cf3b,其他阶段或历史归档；按原批次使用
results/training/import-3ddb2d9/runs/q4_repaired_20260912/train/best.pt,4494045,da10d37282278f544c0d2c8f28713098915761187f1c3e850c2c4b2a6b2554b6,最新 Q4 配对对照；修复后训练 best
results/training/import-3ddb2d9/runs/q4_repaired_20260912/train/latest.pt,4294479,0363d56c4914dcdcbc39ebfa3deaf2dec2035c899ba83c272eda6fea485b0325,其他阶段或历史归档；按原批次使用
results/training/import-4d75bee/large_20260911/q3_ext_gpu0/latest.pt,4293955,0bb8196ffd9cf216c42af634a85ac868398a3bee8fe9cb2119980eb86eb511d3,其他阶段或历史归档；按原批次使用
results/training/import-4d75bee/large_20260911/q3_ext_gpu1/best.pt,4391945,fcc1f731af821dd378aba8dc82ce647ece64de2bddf0eb7049cb991278c3e47c,其他阶段或历史归档；按原批次使用
results/training/import-4d75bee/large_20260911/q3_ext_gpu1/latest.pt,4294019,397f5980e40afc883bdbe3fecc6ba694474f1ae3811eb8aff0853302b10b346a,其他阶段或历史归档；按原批次使用
results/training/import-4d75bee/large_20260911/q3_ext_gpu2/best.pt,4392009,1ee362020626e2eeb80fce5a396192e42aff9896488133a4ffa6695ca08d2ecd,其他阶段或历史归档；按原批次使用
results/training/import-4d75bee/large_20260911/q3_ext_gpu2/latest.pt,4294083,443d7d216e93b3ea8830499787a9f014329dc92cc112d81ad3f0bd8d8d813745,其他阶段或历史归档；按原批次使用
results/training/import-4d75bee/large_20260911/q3_ext_gpu3/best.pt,4392009,0c3f98b3873cef69358f43e19a0aca4fe0eaea73fdee59986bcafc6f020eb575,其他阶段或历史归档；按原批次使用
results/training/import-4d75bee/large_20260911/q3_ext_gpu3/latest.pt,4294019,654467cf727ed3a7669d1b702a1ce08d7e3fac447e10b98ac3571c6e172f4fcf,其他阶段或历史归档；按原批次使用
results/training/import-4d75bee/large_20260911/q3_gpu0/bc.pt,4021155,3f88e438b15d33b2fff79db54c0b9072f0f686ffdbd671db5ec4e2ff24750c29,其他阶段或历史归档；按原批次使用
results/training/import-4d75bee/large_20260911/q3_gpu0/best.pt,4341193,e814908e6b8f824d73622ba90d3bae9db4baec4e4f95a8ec4b65612a7bbcd1dd,其他阶段或历史归档；按原批次使用
results/training/import-4d75bee/large_20260911/q3_gpu0/dagger.pt,4026279,d40c3bcf16ef8db7fad82edf5389ff525ff43c0b58a96324c596dfd8060d4b7c,其他阶段或历史归档；按原批次使用
results/training/import-4d75bee/large_20260911/q3_gpu0/latest.pt,4293891,8632726ef6b2ebd90e850c7ca53b7611d3580720c0967126b77d14b72731716a,其他阶段或历史归档；按原批次使用
results/training/import-4d75bee/large_20260911/q3_gpu1/bc.pt,4021219,8a2ea5a67b61237ea35d9c8a028b842993ed2a033c45192938463f75e8068172,其他阶段或历史归档；按原批次使用
results/training/import-4d75bee/large_20260911/q3_gpu1/best.pt,4341257,825f18538cb672b997d60124df568ec751bccf4c02fbc6872ab8121d62502c74,其他阶段或历史归档；按原批次使用
results/training/import-4d75bee/large_20260911/q3_gpu1/dagger.pt,4026279,ef90d4584550baddf54f2987f0abf85f091700dcef793954e9285b2010e199cd,其他阶段或历史归档；按原批次使用
results/training/import-4d75bee/large_20260911/q3_gpu1/latest.pt,4293955,6fc94de9acae1e7fcd8d47b313f4b0daafe4d28885a4d74eb1a64907d13ef0fe,其他阶段或历史归档；按原批次使用
results/training/import-4d75bee/large_20260911/q3_gpu2/bc.pt,4021219,3376119d951f48fad667242b1ed9fdd5c9b8ff3fe3a5d4af03fcbabe1f6ea190,其他阶段或历史归档；按原批次使用
results/training/import-4d75bee/large_20260911/q3_gpu2/best.pt,4341257,e4548e28e722c3c8633bb164eafadf03cea28e3c25cb78c216254744770a5a27,其他阶段或历史归档；按原批次使用
results/training/import-4d75bee/large_20260911/q3_gpu2/dagger.pt,4026343,93d0e614b41dd4bfba4b11fb02629ed16fc3a3d38160bbaae39f9e2ce4c14135,其他阶段或历史归档；按原批次使用
results/training/import-4d75bee/large_20260911/q3_gpu2/latest.pt,4294019,2faa7d9187afaca29c46e9be180a17a8e3abb0e1f5b184dbf758857d7c818b46,其他阶段或历史归档；按原批次使用
results/training/import-4d75bee/large_20260911/q3_gpu3/bc.pt,4021219,2e5474c6db5ceb44f343a15bc37f183c4a617eb82fdd95d6d20a3ded87fbe89c,其他阶段或历史归档；按原批次使用
results/training/import-4d75bee/large_20260911/q3_gpu3/best.pt,4341257,d87cff0c3962763324e8809bfe76aa9be9a3a476d62807ddf37095325342ee0e,其他阶段或历史归档；按原批次使用
results/training/import-4d75bee/large_20260911/q3_gpu3/dagger.pt,4026407,120055bfde91fbed1c9a1e11d2ab9ffb1f9f299929cec7916ab3273b917253c9,其他阶段或历史归档；按原批次使用
results/training/import-4d75bee/large_20260911/q3_gpu3/latest.pt,4294019,5374fca2486992368c5a1dfca2a243060f0e54e2dfea5e8481f7e8ad299d1a50,其他阶段或历史归档；按原批次使用
results/training/import-4d75bee/large_20260911/q4_gpu4_retry/bc.pt,4021219,c2cb161aca07a7d6b2e72f12e7f610fd42a6b1c1cfeebb5557d63ef78eb9a6df,其他阶段或历史归档；按原批次使用
results/training/import-4d75bee/large_20260911/q4_gpu4_retry/best.pt,4342665,94203de04e64d3b563d98e113257c1c94d5b601c9a99d3e6bfb76132653e13fa,其他阶段或历史归档；按原批次使用
results/training/import-4d75bee/large_20260911/q4_gpu4_retry/dagger.pt,4026343,2b46d65b463f9a6a81b6b9f3166c106f5a61f7589fdfbe572ea0424dbd7c9641,其他阶段或历史归档；按原批次使用
results/training/import-4d75bee/large_20260911/q4_gpu4_retry/latest.pt,4293955,c67ca341700ae8bf4b62ae5589b75062ef8647737f68bd7cdb45720a35d5a40c,其他阶段或历史归档；按原批次使用
results/training/import-4d75bee/large_20260911/q4_gpu5_retry/bc.pt,4021155,c2f6c70eec311cbd84dd1fc7428dd0c306952ce4ce118e05cb44ad0a739cad12,其他阶段或历史归档；按原批次使用
results/training/import-4d75bee/large_20260911/q4_gpu5_retry/best.pt,4342665,75f43633015c2ed567b6294814de4170464d487d22b20f13d857884b9bbd664d,其他阶段或历史归档；按原批次使用
results/training/import-4d75bee/large_20260911/q4_gpu5_retry/dagger.pt,4026343,36f361d2f1ddbcc6167d71664fd2ca4e9303e03d2a0b0e390e46d1f40a3cb067,其他阶段或历史归档；按原批次使用
results/training/import-4d75bee/large_20260911/q4_gpu5_retry/latest.pt,4293955,4cf6f55183e2eca256d500bc3b18db9c049dda27b2aae79e38a8958e71079ca1,其他阶段或历史归档；按原批次使用
results/training/import-4d75bee/large_20260911/q4_gpu6_retry/bc.pt,4021219,20884e1dafd07295bcde16063edf690c2bdbd1326db8b43529ef831afefa755c,其他阶段或历史归档；按原批次使用
results/training/import-4d75bee/large_20260911/q4_gpu6_retry/best.pt,4342665,27ba7dbd8a27f7e6a0e1a3b12b862890b1d29bdef52c19d51cc0531a579d8a06,其他阶段或历史归档；按原批次使用
results/training/import-4d75bee/large_20260911/q4_gpu6_retry/dagger.pt,4026343,a7b555b0e9be2c34b5326359815ac2d447eb9352f5e11f6fddf5f64958f0ea07,其他阶段或历史归档；按原批次使用
results/training/import-4d75bee/large_20260911/q4_gpu6_retry/latest.pt,4293955,d73dfa2220ee9503735d1e8d0470b315f357de61e7cb7482337fe5a4411f8a9f,其他阶段或历史归档；按原批次使用
results/training/import-4d75bee/large_20260911/q4_gpu7_retry/bc.pt,4021219,07f42385a38d6adc04747d9b3bcfb3cc0a10370ff5dd0c052fc0fc49f5c82a09,其他阶段或历史归档；按原批次使用
results/training/import-4d75bee/large_20260911/q4_gpu7_retry/dagger.pt,4026279,11954de1347f6074a1d6962b60c65b7cb41637bb9c0b87950a8564c4915d7dc0,其他阶段或历史归档；按原批次使用
results/training/import-4d75bee/large_20260911/q4_gpu7_retry/latest.pt,4293891,f52cdd85ee5209da1c3ae3bc021e7a1f774bcbf5e02e63610d0a722c9ff774d3,其他阶段或历史归档；按原批次使用
results/training/import-c457828/q3_ppo_20260911/bc.pt,4021219,af1d7c256be01a983c893466d651f86fc3282bffe716bd16e9f21468f59376be,其他阶段或历史归档；按原批次使用
results/training/import-c457828/q3_ppo_20260911/best.pt,4303369,2407c9940cab8b0a6325e6e84f5637692cde0bf63e682a1c1aa816903561f09c,其他阶段或历史归档；按原批次使用
results/training/import-c457828/q3_ppo_20260911/dagger.pt,4026407,524e3bee305440b103ffc136bfebb5a70bbc9e457617f7c8fc7d67dd0c00fdf1,其他阶段或历史归档；按原批次使用
results/training/import-c457828/q3_ppo_20260911/latest.pt,4294083,1fc1f257111048fed14f6870ec5e3f05f942ff4518750042fa57c2ea80ac2df9,其他阶段或历史归档；按原批次使用
results/training/import-c457828/q4_ppo_20260911/bc.pt,4021155,02d190d59ad34cdc4a6ca0f3618bf6acf58435c6f61f2ffbd750f8ac785bac82,其他阶段或历史归档；按原批次使用
results/training/import-c457828/q4_ppo_20260911/best.pt,4303305,d91dd378125652fd57305d05ce56d87422bab17bbb7a987d8d7793d7ca72df15,其他阶段或历史归档；按原批次使用
results/training/import-c457828/q4_ppo_20260911/dagger.pt,4026279,b63e984c61bd72dc78c3e8e2f4b4cdf3164797e3a97ea4aa11c53d58ded5d8c8,其他阶段或历史归档；按原批次使用
results/training/import-c457828/q4_ppo_20260911/latest.pt,4293955,99d117446deac899dd566bf25ef7a46b56b5184c0b1e0babd87ea4878fd9adda,其他阶段或历史归档；按原批次使用
results/training/import-c457828/smoke_20260911/q3_functional.pt,4299630,4ed577ad45311d0923e26f9152b28e34814f78158b39c0c627e0ffe6d88566cd,其他阶段或历史归档；按原批次使用
results/training/import-c457828/smoke_20260911/q4_functional.pt,4299630,7e0c49d2f748c41823d8f93457cfffbe55f27b93d70fa769ca4dd48d185cace1,其他阶段或历史归档；按原批次使用
