path,format,bytes,sha256,role
handoff/figures/F001-controller-workflow.pdf,pdf,30821,be9ff6af57516e4e5d697ef8d3ab1a805307d96c08ae74611f83589ef65099bc,本批中文写作图件
handoff/figures/F001-controller-workflow.png,png,260109,5a08a301f1972cbeb1975b79133be66013dd6acb4abb7b808a5890c25a14cfd9,本批中文写作图件
handoff/figures/F001-controller-workflow.svg,svg,5184,48a4666aabc736f10700c9496020e19441d64903015f619f41934f378bbff6e9,本批中文写作图件
handoff/figures/F002-q1-diameter-circle.pdf,pdf,179587,121543b364ec536fb5734af3a34a3448725897649d214db7b3ca340d854c6d55,本批中文写作图件
handoff/figures/F002-q1-diameter-circle.png,png,144556,2880786d4e9e695dabdfc2f9ffbdc5e57a60a9298c225c5235d9dd0631b61d3e,本批中文写作图件
handoff/figures/F002-q1-diameter-circle.svg,svg,16938,dddc71446b622c3cfa0492c63b2ed0124df48a206576d50be571571142b3c619,本批中文写作图件
handoff/figures/F003-q2-candidates.pdf,pdf,188211,cd40d4477f9151bbe860124705a6e6d18775e1c9888e0284d72fca472a06affb,本批中文写作图件
handoff/figures/F003-q2-candidates.png,png,220741,ccf7233724de3894f33fd5566a1f55c80a7404e111bfff44707e269b75f59dd0,本批中文写作图件
handoff/figures/F003-q2-candidates.svg,svg,56213,cfaa15871f40c2ff65ba1bffc7b24d50bdcc6adbec06a4ca653ca3034088246f,本批中文写作图件
handoff/figures/F004-q3-coverage.pdf,pdf,181688,77877af9a1b79e45a302ef303daddccc4ba00983d2c54807c4d2e46003e0b2c0,本批中文写作图件
handoff/figures/F004-q3-coverage.png,png,231263,c6de22649ba8cde89e827ac37a41503e64d79adfd1f86bc899fd39d28d59c143,本批中文写作图件
handoff/figures/F004-q3-coverage.svg,svg,26014,1ef68231f7208240fecb7b81de288ecb46366d3b56448572ce94e7329bdbca82,本批中文写作图件
handoff/figures/F005-q4-directional-coverage.pdf,pdf,185059,870434439d1eb20bb4d6e427bcd22dd2bec90f75d25674a1872611b286d2d4d5,本批中文写作图件
handoff/figures/F005-q4-directional-coverage.png,png,249450,d68581afd19e8da110d880f0e515197f804749ab7a8799ee753d45375465a7c2,本批中文写作图件
handoff/figures/F005-q4-directional-coverage.svg,svg,28446,90d18684a712604435e8675bcbff589c252a427d262c51e0c85b4d683b712d33,本批中文写作图件
handoff/figures/F006-q34-per-source-ecdf.pdf,pdf,228571,ece1bb50cf9247549129358d8485562546ee4c55bf31700c11d1e5a7ea263184,本批中文写作图件
handoff/figures/F006-q34-per-source-ecdf.png,png,149351,d52a311d4cbd9bbe357da147126011d0f6ad0f91210b30581fef28634a2ae60d,本批中文写作图件
handoff/figures/F006-q34-per-source-ecdf.svg,svg,138216,6263accc1efbe94d1883013f7b36111310d031c56dc286ee2cb22299afb2a41b,本批中文写作图件
handoff/figures/F007-q34-paired-by-count.pdf,pdf,183100,0874e5b1561f2763d32abc6f6f8cc2a10e321ebf3401684990c49469cac279b2,本批中文写作图件
handoff/figures/F007-q34-paired-by-count.png,png,111498,8cb62065e83132c1eef15c9e9b2b6a4890805f48fe79d6442f45b5358d22ecac,本批中文写作图件
handoff/figures/F007-q34-paired-by-count.svg,svg,28783,205705b93d5fbe2e6f7e631af5f68d8401dc74893737f841daf1efa63013d449,本批中文写作图件
handoff/figures/F008-q34-validation-progress.pdf,pdf,184283,a95fe6ed16563f63c8247fa208b7fa5748a62c5cf31dd75037701fc12c97f507,本批中文写作图件
handoff/figures/F008-q34-validation-progress.png,png,224905,a74072c486858678232e3bfe27abb18bd515f6005b0033eabb87df64a0884e74,本批中文写作图件
handoff/figures/F008-q34-validation-progress.svg,svg,29436,1e2a145f3d13831ee7c833991d6710a6c3e59d63ee20faac28f37f6ff0352977,本批中文写作图件
handoff/figures/F009-training-evaluation-workflow.pdf,pdf,33290,d514048da2430a93bbf6ba657c8701bf05bb5cb5ab78ba1dacd4e00305ca8cd1,本批中文写作图件
handoff/figures/F009-training-evaluation-workflow.png,png,246641,58a91fb1825a221b593cbc32adc6a0e20fb8cf1251c3e5adae09a5f6ffe36c0b,本批中文写作图件
handoff/figures/F009-training-evaluation-workflow.svg,svg,5231,d11afe26fab654081c80a2ae40c0fac8ad134448a9371a946f4d9f2cc91a69da,本批中文写作图件
handoff/figures/F010-q2-observed-posterior.pdf,pdf,186989,8b2e2c6e1e4c3b15274d62049e8a83916c8def326a090feaa02510be2efcc2d5,本批中文写作图件
handoff/figures/F010-q2-observed-posterior.png,png,267976,3393287666fe5b534a52726503ae2a309861ec0f7312428650afa7692a85d92c,本批中文写作图件
handoff/figures/F010-q2-observed-posterior.svg,svg,98628,2011e8e46428a7ec4d191cb03e8ee8122305941e5734e9d387718f13f98e7849,本批中文写作图件
handoff/figures/F011-q2-paired-evaluation.pdf,pdf,195078,0b4d07267b8314755b1f552f6b71c8b741e989a17ca199c9e72baf3800ab7ef3,本批中文写作图件
handoff/figures/F011-q2-paired-evaluation.png,png,279667,22fedd581ca75e32b8b1b6c2b63fb7d41388ff991a0b420f048f062a4712b8fc,本批中文写作图件
handoff/figures/F011-q2-paired-evaluation.svg,svg,149972,5c20ffbd8cc0c7fb28fd6602919947631d870b5f580fb706263f4a3f44cc3ed7,本批中文写作图件
handoff/figures/F012-q2-sensitivity.pdf,pdf,182404,122b5fd9d8b90411f145aa5b2d8d9492b2cbc246685b3d0f3a36b6e3f91f6863,本批中文写作图件
handoff/figures/F012-q2-sensitivity.png,png,158073,432320a016020be877c13d46186b13f29dd155d38f6152a02beb9ec78af0d9a8,本批中文写作图件
handoff/figures/F012-q2-sensitivity.svg,svg,70184,d77985875411cbae4fef693af75a04a817c6304e75be5e2174b514e52c9cbea9,本批中文写作图件
results/training/import-3ddb2d9/runs/q34_3000_test_20260912/per_source_distribution.pdf,pdf,18627,271042f84f5d2a94e8233bcabb86589043626c742a019b23bcc2d6d8f8698212,历史原始图件
results/training/import-3ddb2d9/runs/q34_3000_test_20260912/per_source_distribution.png,png,101357,3ad9dcfdbe9511ffb02589a6e2a5c7be13df31e42a3d953485fcd3bb3898dccc,历史原始图件
results/training/import-3ddb2d9/runs/q3_joint_20260912/test_distribution.pdf,pdf,18292,0047b78a40667388844b2ef69a647bd7b12f7a291edd4c64a15e669b930aae1d,历史原始图件
results/training/import-3ddb2d9/runs/q3_joint_20260912/test_distribution.png,png,80634,b2ba297d5b14e81d6028b57764840ad9cd2496bad405fc9018599ffa8fd61698,历史原始图件
results/training/import-3ddb2d9/runs/q3_joint_20260912/validation_curve.png,png,83351,99a12513cad93fdfa25b578506c5726a6c10842b7c733cac71d1f36874f2a295,历史原始图件
results/training/import-3ddb2d9/runs/q4_3000_test_20260911/per_source_time_distribution.png,png,62006,3594663ec188e70cb23c8bb2ef95e06ec48888e1e1048c47019037b4b947f43f,历史原始图件
results/training/import-3ddb2d9/runs/q4_repaired_20260912/per_source_distribution.pdf,pdf,28086,fcbbb6bf4b4e06ef092631f3244d2b9da0d7e1b7e47cc1ddb6ee1fb894adf31e,历史原始图件
results/training/import-3ddb2d9/runs/q4_repaired_20260912/per_source_distribution.png,png,112555,733264fd95d17ba4fbef865d28fbefc0b4b04fea21fa611424410d57f12565bc,历史原始图件
results/training/import-3ddb2d9/runs/q4_repaired_20260912/training_curve.png,png,101648,79db7d540530e50966d23199a58acb53bc8c6ef4ce4c08eb04ba619d9619cf23,历史原始图件
results/validation/LIT-Q2-01/consistent-example/q2.pdf,pdf,27191,e689c5b0b2f167369fe46203ba901d4379ca5b450302407316eab344fcd10499,历史原始图件
results/validation/LIT-Q2-01/consistent-example/q2.png,png,158392,a8c8cc0f9eecab2bdc8efddaa8e778accaa35ccb17903d806116b3a12bb66eb9,历史原始图件
results/validation/import-c457828/artifacts/q1/crossing/geometry.pdf,pdf,15966,0c7456583719dc38dc4bb43402c0bd94c02d85bf4abf5c2de3468840c61f28c6,历史原始图件
results/validation/import-c457828/artifacts/q1/crossing/geometry.png,png,118770,91c58d9ed82e80859ba669956c3e6acec005483553865cca9aca29da6a558d2c,历史原始图件
results/validation/import-c457828/artifacts/q1/triangle/geometry.pdf,pdf,15739,6c9898cfe054b2027ff09313b287ae860ce6cdd9af4ee322d6e04c7d8aa4d1df,历史原始图件
results/validation/import-c457828/artifacts/q1/triangle/geometry.png,png,104682,efe3bba50c8de8d612385cfaca568acf7172244a4365dab1c2954c3247714851,历史原始图件
results/validation/import-c457828/artifacts/q2/example/q2.pdf,pdf,26483,80c5f6a5ca942eb56917a4f8fb687748317e0c36e6bbf611299aab8d96d2b7f6,历史原始图件
results/validation/import-c457828/artifacts/q2/example/q2.png,png,154930,6d5f1c89af5b16c3977e65446e5b5f1c9203f5f152b8f54a550e9c247fc1dafd,历史原始图件
results/validation/integration-3ddb2d9/smoke-paired/per_source_distribution.pdf,pdf,16928,b0b10d193c5e1af35ad58f262b35a929ba09419808d9cd87a1fd9cc045bd116d,历史原始图件
results/validation/integration-3ddb2d9/smoke-paired/per_source_distribution.png,png,90523,663fc18d5619ad9b0836253489047315265b2e77493acf17e5994c1d5c5b00d2,历史原始图件
results/validation/integration-c457828/q1/geometry.pdf,pdf,15739,e050e90c6687743322c89dd3198e90bde0c19febfd7414d2387b2a3289fd2451,历史原始图件
results/validation/integration-c457828/q1/geometry.png,png,104682,bba25c515a3a40c91d958c5f2b6053bf82c4b6b19d12b88e791c566f062c2fc0,历史原始图件
results/validation/integration-c457828/q2/q2.pdf,pdf,26477,9a3bdda84aced4065d5b2893ddee7a85e1aba2d2c7828ba664d9906d4f1bd217,历史原始图件
results/validation/integration-c457828/q2/q2.png,png,154930,78a02832a179a4d940a65cfc61e64f2aff41961f522a98ef654ce072435d5654,历史原始图件
results/validation/q3-3000-9e10994/per_source_time_distribution.png,png,66102,8e50728730ba82a2eaaf23f9bee786f182fa4595bbfbb38c31ac8a4d8ab53258,历史原始图件
